{"version":"1.131.0","results":[],"errors":[],"paths":{"scanned":[]},"time":{"rules":[],"rules_parse_time":0.6996331214904785,"profiling_times":{"config_time":3.280550241470337,"core_time":0.9826788902282715,"ignores_time":0.00047397613525390625,"total_time":4.26409912109375},"targets":[],"total_bytes":0,"max_memory_bytes":808497728},"engine_requested":"OSS","skipped_rules":[]}